{
    "epoch": 15.0,
    "test_bleu": 17.8467,
    "test_chrf": 37.1722,
    "test_exact_match": 0.3743,
    "test_gen_len": 36.715,
    "test_loss": 2.2057995796203613,
    "test_rouge1": 42.7698,
    "test_rouge2": 20.8876,
    "test_rougeL": 38.5687,
    "test_runtime": 832.0395,
    "test_samples_per_second": 13.166,
    "test_steps_per_second": 1.647,
    "test_wall_clock_seconds": 832.041,
    "total_flos": 5.381081759490048e+16,
    "train_loss": 2.306879664830504,
    "train_runtime": 27181.0051,
    "train_samples_per_second": 91.014,
    "train_steps_per_second": 11.377,
    "train_wall_clock_seconds": 27201.016,
    "validation_bleu": 18.1743,
    "validation_chrf": 36.6398,
    "validation_exact_match": 0.8103,
    "validation_gen_len": 39.6062,
    "validation_loss": 2.0813934803009033,
    "validation_rouge1": 44.5743,
    "validation_rouge2": 23.2114,
    "validation_rougeL": 40.0819,
    "validation_runtime": 422.287,
    "validation_samples_per_second": 12.274,
    "validation_steps_per_second": 1.535,
    "validation_wall_clock_seconds": 422.29
}