{
    "epoch": 15.0,
    "total_flos": 5.3929078368768e+16,
    "train_loss": 2.3165604967732367,
    "train_runtime": 10761.609,
    "train_samples_per_second": 229.877,
    "train_steps_per_second": 7.184,
    "train_wall_clock_seconds": 10780.602
}