{
    "epoch": 15.0,
    "test_bleu": 18.849,
    "test_chrf": 38.2056,
    "test_exact_match": 0.5021,
    "test_gen_len": 37.2186,
    "test_loss": 2.0538973808288574,
    "test_rouge1": 43.7246,
    "test_rouge2": 21.7764,
    "test_rougeL": 39.407,
    "test_runtime": 645.1927,
    "test_samples_per_second": 16.979,
    "test_steps_per_second": 1.062,
    "test_wall_clock_seconds": 645.194,
    "total_flos": 1.379211484321874e+17,
    "train_loss": 1.9898912695767639,
    "train_runtime": 21159.069,
    "train_samples_per_second": 116.917,
    "train_steps_per_second": 7.308,
    "train_wall_clock_seconds": 21180.171,
    "validation_bleu": 19.0122,
    "validation_chrf": 37.8563,
    "validation_exact_match": 0.8682,
    "validation_gen_len": 39.7976,
    "validation_loss": 1.9521235227584839,
    "validation_rouge1": 45.3091,
    "validation_rouge2": 23.7654,
    "validation_rougeL": 40.4807,
    "validation_runtime": 317.8753,
    "validation_samples_per_second": 16.305,
    "validation_steps_per_second": 1.019,
    "validation_wall_clock_seconds": 317.877
}