{
    "epoch": 15.0,
    "total_flos": 1.379211484321874e+17,
    "train_loss": 1.9898912695767639,
    "train_runtime": 21159.069,
    "train_samples_per_second": 116.917,
    "train_steps_per_second": 7.308,
    "train_wall_clock_seconds": 21180.171
}