{
    "epoch": 15.0,
    "test_bleu": 18.2353,
    "test_chrf": 37.5138,
    "test_exact_match": 0.4199,
    "test_gen_len": 36.8424,
    "test_loss": 2.1559619903564453,
    "test_rouge1": 42.9909,
    "test_rouge2": 21.2148,
    "test_rougeL": 38.8043,
    "test_runtime": 599.6251,
    "test_samples_per_second": 18.27,
    "test_steps_per_second": 1.142,
    "test_wall_clock_seconds": 599.627,
    "total_flos": 5.388746990389248e+16,
    "train_loss": 2.2352770168465796,
    "train_runtime": 18586.6904,
    "train_samples_per_second": 133.098,
    "train_steps_per_second": 8.319,
    "train_wall_clock_seconds": 18605.881,
    "validation_bleu": 18.327,
    "validation_chrf": 36.8585,
    "validation_exact_match": 0.5595,
    "validation_gen_len": 39.618,
    "validation_loss": 2.045363187789917,
    "validation_rouge1": 44.6797,
    "validation_rouge2": 23.3065,
    "validation_rougeL": 40.1087,
    "validation_runtime": 307.0617,
    "validation_samples_per_second": 16.879,
    "validation_steps_per_second": 1.055,
    "validation_wall_clock_seconds": 307.063
}