{
    "epoch": 15.0,
    "test_bleu": 13.8539,
    "test_chrf": 32.2173,
    "test_exact_match": 0.0183,
    "test_gen_len": 41.1334,
    "test_loss": 2.667553663253784,
    "test_rouge1": 36.5836,
    "test_rouge2": 14.4529,
    "test_rougeL": 32.3583,
    "test_runtime": 634.2183,
    "test_samples_per_second": 17.273,
    "test_steps_per_second": 0.541,
    "test_wall_clock_seconds": 634.22,
    "total_flos": 1.380276423401472e+17,
    "train_loss": 2.852502482188132,
    "train_runtime": 13617.9198,
    "train_samples_per_second": 181.661,
    "train_steps_per_second": 5.677,
    "train_wall_clock_seconds": 13637.331,
    "validation_bleu": 14.378,
    "validation_chrf": 32.0635,
    "validation_exact_match": 0.0772,
    "validation_gen_len": 43.3961,
    "validation_loss": 2.5734894275665283,
    "validation_rouge1": 38.3025,
    "validation_rouge2": 16.1765,
    "validation_rougeL": 33.633,
    "validation_runtime": 306.8024,
    "validation_samples_per_second": 16.894,
    "validation_steps_per_second": 0.528,
    "validation_wall_clock_seconds": 306.804
}