{
    "epoch": 15.0,
    "total_flos": 1.380276423401472e+17,
    "train_loss": 2.852502482188132,
    "train_runtime": 13617.9198,
    "train_samples_per_second": 181.661,
    "train_steps_per_second": 5.677,
    "train_wall_clock_seconds": 13637.331
}