{
    "epoch": 15.0,
    "test_bleu": 15.4283,
    "test_chrf": 33.8934,
    "test_exact_match": 0.0365,
    "test_gen_len": 41.3597,
    "test_loss": 2.507582902908325,
    "test_rouge1": 38.2111,
    "test_rouge2": 16.3905,
    "test_rougeL": 34.0735,
    "test_runtime": 1126.8266,
    "test_samples_per_second": 9.722,
    "test_steps_per_second": 0.608,
    "test_wall_clock_seconds": 1126.831,
    "total_flos": 3.152900912752558e+17,
    "train_loss": 2.686970012133372,
    "train_runtime": 21162.2165,
    "train_samples_per_second": 116.899,
    "train_steps_per_second": 7.306,
    "train_wall_clock_seconds": 21162.647,
    "validation_bleu": 15.8649,
    "validation_chrf": 33.6727,
    "validation_exact_match": 0.1544,
    "validation_gen_len": 43.6294,
    "validation_loss": 2.403972864151001,
    "validation_rouge1": 40.0131,
    "validation_rouge2": 18.3316,
    "validation_rougeL": 35.5733,
    "validation_runtime": 535.3379,
    "validation_samples_per_second": 9.682,
    "validation_steps_per_second": 0.605,
    "validation_wall_clock_seconds": 535.342
}