{
    "epoch": 15.0,
    "total_flos": 3.152900912752558e+17,
    "train_loss": 2.686970012133372,
    "train_runtime": 21162.2165,
    "train_samples_per_second": 116.899,
    "train_steps_per_second": 7.306,
    "train_wall_clock_seconds": 21162.647
}