{
    "epoch": 5.0,
    "total_flos": 1.056646546194432e+16,
    "train_loss": 4.8971829736328125,
    "train_runtime": 1327.6163,
    "train_samples_per_second": 150.646,
    "train_steps_per_second": 2.354,
    "train_wall_clock_seconds": 1327.82
}