{
    "epoch": 15.0,
    "test_bleu": 14.6868,
    "test_chrf": 32.8088,
    "test_exact_match": 0.0274,
    "test_gen_len": 40.5987,
    "test_loss": 2.767244577407837,
    "test_rouge1": 36.8271,
    "test_rouge2": 15.3671,
    "test_rougeL": 32.9137,
    "test_runtime": 522.2308,
    "test_samples_per_second": 20.977,
    "test_steps_per_second": 0.657,
    "test_wall_clock_seconds": 522.233,
    "total_flos": 5.3929078368768e+16,
    "train_loss": 3.2327129035883586,
    "train_runtime": 10963.8442,
    "train_samples_per_second": 225.637,
    "train_steps_per_second": 7.051,
    "train_wall_clock_seconds": 10983.053,
    "validation_bleu": 14.9064,
    "validation_chrf": 32.4958,
    "validation_exact_match": 0.0579,
    "validation_gen_len": 43.1084,
    "validation_loss": 2.6752827167510986,
    "validation_rouge1": 38.6023,
    "validation_rouge2": 17.1981,
    "validation_rougeL": 34.177,
    "validation_runtime": 255.6222,
    "validation_samples_per_second": 20.276,
    "validation_steps_per_second": 0.634,
    "validation_wall_clock_seconds": 255.624
}