{
    "epoch": 15.0,
    "test_bleu": 13.9736,
    "test_chrf": 32.3591,
    "test_exact_match": 0.0456,
    "test_gen_len": 42.2147,
    "test_loss": 2.562777519226074,
    "test_rouge1": 36.3688,
    "test_rouge2": 14.3459,
    "test_rougeL": 32.0922,
    "test_runtime": 674.3783,
    "test_samples_per_second": 16.245,
    "test_steps_per_second": 0.255,
    "test_wall_clock_seconds": 674.38,
    "total_flos": 1.3807569581683507e+17,
    "train_loss": 2.7338600459682914,
    "train_runtime": 12737.6893,
    "train_samples_per_second": 194.215,
    "train_steps_per_second": 3.035,
    "train_wall_clock_seconds": 12756.959,
    "validation_bleu": 14.5522,
    "validation_chrf": 32.5157,
    "validation_exact_match": 0.1351,
    "validation_gen_len": 44.2751,
    "validation_loss": 2.4726901054382324,
    "validation_rouge1": 38.452,
    "validation_rouge2": 16.1881,
    "validation_rougeL": 33.7565,
    "validation_runtime": 322.8916,
    "validation_samples_per_second": 16.052,
    "validation_steps_per_second": 0.251,
    "validation_wall_clock_seconds": 322.893
}