{
    "epoch": 15.0,
    "total_flos": 1.3807569581683507e+17,
    "train_loss": 2.7338600459682914,
    "train_runtime": 12737.6893,
    "train_samples_per_second": 194.215,
    "train_steps_per_second": 3.035,
    "train_wall_clock_seconds": 12756.959
}