{
    "epoch": 15.0,
    "test_bleu": 18.0881,
    "test_chrf": 37.4228,
    "test_exact_match": 0.3925,
    "test_gen_len": 37.1044,
    "test_loss": 2.1396682262420654,
    "test_rouge1": 42.856,
    "test_rouge2": 20.9455,
    "test_rougeL": 38.6354,
    "test_runtime": 469.4042,
    "test_samples_per_second": 23.338,
    "test_steps_per_second": 0.366,
    "test_wall_clock_seconds": 469.406,
    "total_flos": 5.394785344647168e+16,
    "train_loss": 2.2481703718148665,
    "train_runtime": 9632.2158,
    "train_samples_per_second": 256.83,
    "train_steps_per_second": 4.013,
    "train_wall_clock_seconds": 9651.407,
    "validation_bleu": 18.4849,
    "validation_chrf": 37.1279,
    "validation_exact_match": 0.8103,
    "validation_gen_len": 39.7237,
    "validation_loss": 2.050244092941284,
    "validation_rouge1": 44.9273,
    "validation_rouge2": 23.4753,
    "validation_rougeL": 40.3009,
    "validation_runtime": 228.8646,
    "validation_samples_per_second": 22.647,
    "validation_steps_per_second": 0.354,
    "validation_wall_clock_seconds": 228.866
}