{
    "epoch": 5.0,
    "total_flos": 1.041322343202816e+16,
    "train_loss": 4.496256137695313,
    "train_runtime": 1916.1261,
    "train_samples_per_second": 104.377,
    "train_steps_per_second": 3.262,
    "train_wall_clock_seconds": 1916.316
}