{
    "epoch": 15.0,
    "test_bleu": 14.6528,
    "test_chrf": 32.9799,
    "test_exact_match": 0.0183,
    "test_gen_len": 41.1489,
    "test_loss": 2.630131483078003,
    "test_rouge1": 37.2559,
    "test_rouge2": 15.4246,
    "test_rougeL": 33.1503,
    "test_runtime": 1632.2295,
    "test_samples_per_second": 6.712,
    "test_steps_per_second": 0.839,
    "test_wall_clock_seconds": 1632.233,
    "total_flos": 2.800672991527895e+17,
    "train_loss": 2.8176243792775533,
    "train_runtime": 35727.1681,
    "train_samples_per_second": 69.243,
    "train_steps_per_second": 8.656,
    "train_wall_clock_seconds": 35728.49,
    "validation_bleu": 15.2314,
    "validation_chrf": 33.1372,
    "validation_exact_match": 0.0772,
    "validation_gen_len": 42.8931,
    "validation_loss": 2.511190891265869,
    "validation_rouge1": 39.4517,
    "validation_rouge2": 17.4621,
    "validation_rougeL": 34.9728,
    "validation_runtime": 787.0464,
    "validation_samples_per_second": 6.585,
    "validation_steps_per_second": 0.823,
    "validation_wall_clock_seconds": 787.049
}