{
    "epoch": 15.0,
    "test_bleu": 18.5047,
    "test_chrf": 37.8421,
    "test_exact_match": 0.4108,
    "test_gen_len": 36.4685,
    "test_loss": 2.092020273208618,
    "test_rouge1": 43.5152,
    "test_rouge2": 21.6535,
    "test_rougeL": 39.2802,
    "test_runtime": 841.7874,
    "test_samples_per_second": 13.014,
    "test_steps_per_second": 1.627,
    "test_wall_clock_seconds": 841.789,
    "total_flos": 1.377249622964306e+17,
    "train_loss": 2.0638572383738016,
    "train_runtime": 28856.8729,
    "train_samples_per_second": 85.728,
    "train_steps_per_second": 10.716,
    "train_wall_clock_seconds": 28879.615,
    "validation_bleu": 18.7714,
    "validation_chrf": 37.6008,
    "validation_exact_match": 0.8296,
    "validation_gen_len": 39.3924,
    "validation_loss": 1.98172128200531,
    "validation_rouge1": 45.2253,
    "validation_rouge2": 23.6977,
    "validation_rougeL": 40.5164,
    "validation_runtime": 419.1984,
    "validation_samples_per_second": 12.364,
    "validation_steps_per_second": 1.546,
    "validation_wall_clock_seconds": 419.2
}