{
    "epoch": 15.0,
    "total_flos": 1.377249622964306e+17,
    "train_loss": 2.0638572383738016,
    "train_runtime": 28856.8729,
    "train_samples_per_second": 85.728,
    "train_steps_per_second": 10.716,
    "train_wall_clock_seconds": 28879.615
}