{
    "epoch": 15.0,
    "test_bleu": 18.6263,
    "test_chrf": 37.8325,
    "test_exact_match": 0.4838,
    "test_gen_len": 36.4306,
    "test_loss": 2.0678482055664062,
    "test_rouge1": 43.5832,
    "test_rouge2": 21.7968,
    "test_rougeL": 39.4112,
    "test_runtime": 556.0295,
    "test_samples_per_second": 19.702,
    "test_steps_per_second": 0.617,
    "test_wall_clock_seconds": 556.031,
    "total_flos": 1.380276423401472e+17,
    "train_loss": 2.0709591220258172,
    "train_runtime": 13198.2862,
    "train_samples_per_second": 187.437,
    "train_steps_per_second": 5.858,
    "train_wall_clock_seconds": 13217.664,
    "validation_bleu": 18.7999,
    "validation_chrf": 37.6178,
    "validation_exact_match": 0.6753,
    "validation_gen_len": 39.3106,
    "validation_loss": 1.982379674911499,
    "validation_rouge1": 45.1891,
    "validation_rouge2": 23.6816,
    "validation_rougeL": 40.5775,
    "validation_runtime": 276.9045,
    "validation_samples_per_second": 18.718,
    "validation_steps_per_second": 0.585,
    "validation_wall_clock_seconds": 276.906
}