{
    "epoch": 15.0,
    "total_flos": 1.380276423401472e+17,
    "train_loss": 2.0709591220258172,
    "train_runtime": 13198.2862,
    "train_samples_per_second": 187.437,
    "train_steps_per_second": 5.858,
    "train_wall_clock_seconds": 13217.664
}