{
    "epoch": 15.0,
    "test_bleu": 14.8355,
    "test_chrf": 33.0301,
    "test_exact_match": 0.0274,
    "test_gen_len": 39.3542,
    "test_loss": 2.7592499256134033,
    "test_rouge1": 37.486,
    "test_rouge2": 15.8862,
    "test_rougeL": 33.5322,
    "test_runtime": 1619.2138,
    "test_samples_per_second": 6.766,
    "test_steps_per_second": 0.846,
    "test_wall_clock_seconds": 1619.218,
    "total_flos": 1.0942569958066176e+17,
    "train_loss": 3.184212791927418,
    "train_runtime": 36864.417,
    "train_samples_per_second": 67.107,
    "train_steps_per_second": 8.389,
    "train_wall_clock_seconds": 36865.09,
    "validation_bleu": 15.0063,
    "validation_chrf": 32.6477,
    "validation_exact_match": 0.0579,
    "validation_gen_len": 40.9792,
    "validation_loss": 2.649437427520752,
    "validation_rouge1": 39.2409,
    "validation_rouge2": 17.6086,
    "validation_rougeL": 34.7297,
    "validation_runtime": 785.9309,
    "validation_samples_per_second": 6.595,
    "validation_steps_per_second": 0.824,
    "validation_wall_clock_seconds": 785.935
}