{
    "epoch": 15.0,
    "total_flos": 1.0942569958066176e+17,
    "train_loss": 3.184212791927418,
    "train_runtime": 36864.417,
    "train_samples_per_second": 67.107,
    "train_steps_per_second": 8.389,
    "train_wall_clock_seconds": 36865.09
}