{
    "epoch": 15.0,
    "test_bleu": 15.8264,
    "test_chrf": 34.2514,
    "test_exact_match": 0.0274,
    "test_gen_len": 39.5678,
    "test_loss": 2.597470760345459,
    "test_rouge1": 38.719,
    "test_rouge2": 17.248,
    "test_rougeL": 34.7647,
    "test_runtime": 1004.8359,
    "test_samples_per_second": 10.902,
    "test_steps_per_second": 0.682,
    "test_wall_clock_seconds": 1004.84,
    "total_flos": 1.2318767279511552e+17,
    "train_loss": 3.002074816408603,
    "train_runtime": 19518.2992,
    "train_samples_per_second": 126.745,
    "train_steps_per_second": 7.922,
    "train_wall_clock_seconds": 19518.656,
    "validation_bleu": 16.3116,
    "validation_chrf": 33.9985,
    "validation_exact_match": 0.1544,
    "validation_gen_len": 42.0577,
    "validation_loss": 2.4993183612823486,
    "validation_rouge1": 40.2869,
    "validation_rouge2": 18.9012,
    "validation_rougeL": 35.7739,
    "validation_runtime": 481.6247,
    "validation_samples_per_second": 10.761,
    "validation_steps_per_second": 0.673,
    "validation_wall_clock_seconds": 481.628
}