{
    "epoch": 15.0,
    "test_bleu": 18.9528,
    "test_chrf": 38.2258,
    "test_exact_match": 0.5386,
    "test_gen_len": 37.4815,
    "test_loss": 2.0342423915863037,
    "test_rouge1": 43.7617,
    "test_rouge2": 21.9505,
    "test_rougeL": 39.5274,
    "test_runtime": 637.7012,
    "test_samples_per_second": 17.179,
    "test_steps_per_second": 0.27,
    "test_wall_clock_seconds": 637.703,
    "total_flos": 1.3807569581683507e+17,
    "train_loss": 2.000653126304231,
    "train_runtime": 12433.6557,
    "train_samples_per_second": 198.964,
    "train_steps_per_second": 3.109,
    "train_wall_clock_seconds": 12456.69,
    "validation_bleu": 19.1039,
    "validation_chrf": 37.985,
    "validation_exact_match": 0.7525,
    "validation_gen_len": 40.0766,
    "validation_loss": 1.9592061042785645,
    "validation_rouge1": 45.3054,
    "validation_rouge2": 23.6917,
    "validation_rougeL": 40.5109,
    "validation_runtime": 306.9636,
    "validation_samples_per_second": 16.885,
    "validation_steps_per_second": 0.264,
    "validation_wall_clock_seconds": 306.965
}