{
    "epoch": 15.0,
    "total_flos": 1.3807569581683507e+17,
    "train_loss": 2.000653126304231,
    "train_runtime": 12433.6557,
    "train_samples_per_second": 198.964,
    "train_steps_per_second": 3.109,
    "train_wall_clock_seconds": 12456.69
}